chrom	start	end	insertion	somatic	private	N_samples	overlaps
Y	3631688	3631688	Stalker3	True	False	1	{'R30_head_260'}
Y	1445089	1445095	rover	True	False	1	{'R43_gut_1'}
X	22848299	22848303	rover	True	False	1	{'R39_gut_55'}
X	22835722	22835727	copia	True	False	1	{'R57_gut_87'}
X	22598274	22598286	G-element	True	False	1	{'R53_gut_39'}
X	22546789	22546793	rover	True	False	1	{'R11_gut_84'}
X	21279804	21279808	rover	True	False	1	{'R11_gut_4'}
X	21243320	21243325	rover	True	False	1	{'R45_gut_0'}
X	20066188	20066193	rover	True	False	1	{'R55_gut_0'}
X	19748094	19748099	rover	True	False	1	{'R33_gut_4'}
X	19568808	19568812	rover	True	False	1	{'R61_gut_9'}
X	19455130	19455135	rover	True	False	1	{'R41A_gut_1'}
X	19400442	19400447	rover	True	False	1	{'R9_gut_1'}
X	19335823	19335826	rover	True	False	1	{'R13_gut_0'}
X	19297318	19297323	rover	True	False	1	{'H7_gut_3'}
X	19249603	19249607	rover	True	False	1	{'R53_gut_2'}
X	18970118	18970122	rover	True	False	1	{'R29_gut_2'}
X	18663340	18663350	invader1	True	False	2	{'R42B_head_56', 'R42A_head_56'}
X	18294955	18294960	rover	True	False	1	{'R53_gut_4'}
X	18121886	18121891	rover	True	False	1	{'H7_gut_2'}
X	18114805	18114810	rover	True	False	1	{'R35_gut_0'}
X	17733114	17733118	rover	True	False	1	{'R31_gut_5'}
X	17658206	17658211	rover	True	False	1	{'H7_gut_11'}
X	17439636	17439641	rover	True	False	1	{'R45_gut_0'}
X	17340505	17340532	F-element	True	False	1	{'H1_gut_3'}
X	17287751	17287756	rover	True	False	1	{'R25_gut_0'}
X	17030043	17030048	rover	True	False	1	{'R11_gut_0'}
X	16946092	16946098	rover	True	False	1	{'R11_gut_12'}
X	16851603	16851608	rover	True	False	1	{'R33_gut_3'}
X	16832282	16832287	rover	True	False	1	{'H4_gut_7'}
X	16830667	16830671	rover	True	False	1	{'R33_gut_2'}
X	16724868	16724874	rover	True	False	1	{'R13_gut_1'}
X	16689096	16689101	copia	True	False	1	{'R39_gut_2'}
X	16634428	16634433	copia	True	False	1	{'R43_gut_0'}
X	16614730	16614734	rover	True	False	1	{'R29_gut_0'}
X	16614514	16614519	rover	True	False	1	{'H7_gut_5'}
X	16555607	16555611	rover	True	False	1	{'R27_gut_1'}
X	16479015	16479020	rover	True	False	1	{'H7_gut_1'}
X	16103852	16103856	copia	True	False	1	{'R61_gut_3'}
X	15808862	15808869	rover	True	False	1	{'R41A_gut_5'}
X	15808565	15808569	rover	True	False	1	{'R23_gut_1'}
X	15808564	15808569	rover	True	False	1	{'R33_gut_4'}
X	15665841	15665846	rover	True	False	1	{'R51_gut_3'}
X	15645453	15645465	Doc	True	False	1	{'R49_gut_2'}
X	15632346	15632351	rover	True	False	1	{'R39_gut_4'}
X	15629965	15629971	rover	True	False	1	{'R39_gut_2'}
X	15494599	15494611	I-element	True	False	1	{'R3_gut_5'}
X	15408583	15408588	rover	True	False	1	{'R35_gut_1'}
X	15313395	15313400	rover	True	False	1	{'H7_gut_11'}
X	15283036	15283041	rover	True	False	1	{'H4_gut_0'}
X	15080895	15080901	rover	True	False	1	{'R41A_gut_0'}
X	14952248	14952252	rover	True	False	1	{'R29_gut_1'}
X	14952245	14952249	rover	True	False	1	{'H1_gut_5'}
X	14808807	14808812	rover	True	False	1	{'R33_gut_3'}
X	14591482	14591487	rover	True	False	1	{'H1_gut_2'}
X	14204906	14204910	rover	True	False	1	{'H4_gut_1'}
X	13988288	13988293	rover	True	False	1	{'R33_gut_9'}
X	13749896	13749901	rover	True	False	1	{'R53_gut_6'}
X	13570426	13570431	rover	True	False	1	{'H7_gut_13'}
X	13472644	13472649	rover	True	False	1	{'R33_gut_4'}
X	13375979	13375985	rover	True	False	1	{'H7_gut_2'}
X	12984638	12984642	copia	True	False	1	{'R41A_gut_2'}
X	12775038	12775043	rover	True	False	1	{'H7_gut_15'}
X	12773937	12773951	297	True	False	1	{'R11_gut_12'}
X	12749476	12749481	rover	True	False	1	{'R33_gut_2'}
X	12725638	12725642	copia	True	False	1	{'H7_gut_9'}
X	12609761	12609766	rover	True	False	1	{'R13_gut_0'}
X	12583937	12583942	copia	True	False	1	{'R41A_gut_0'}
X	12155568	12155573	rover	True	False	1	{'R57_gut_1'}
X	12031870	12031875	rover	True	False	1	{'R9_gut_1'}
X	11921249	11921254	rover	True	False	1	{'R59_gut_4'}
X	11764826	11764830	rover	True	False	1	{'R11_gut_8'}
X	11514798	11514803	rover	True	False	1	{'H4_gut_2'}
X	11507594	11507599	rover	True	False	1	{'R33_gut_1'}
X	11442645	11442650	rover	True	False	1	{'R27_gut_0'}
X	10899323	10899329	rover	True	False	1	{'R25_gut_5'}
X	10882188	10882192	rover	True	False	1	{'H4_gut_7'}
X	10775328	10775332	rover	True	False	1	{'H7_gut_23'}
X	10766937	10766942	rover	True	False	1	{'R37_gut_5'}
X	10619540	10619554	jockey	True	False	1	{'R13_gut_7'}
X	10603859	10603863	diver	True	False	1	{'R37_gut_4'}
X	10433068	10433073	rover	True	False	1	{'R9_gut_3'}
X	10323058	10323064	rover	True	False	1	{'R41A_gut_5'}
X	10236709	10236713	rover	True	False	1	{'H7_gut_5'}
X	10076846	10076851	rover	True	False	1	{'R35_gut_0'}
X	9844065	9844070	rover	True	False	1	{'H4_gut_1'}
X	9699886	9699891	rover	True	False	1	{'R33_gut_4'}
X	9344347	9344351	rover	True	False	1	{'R33_gut_1'}
X	9152807	9152812	rover	True	False	1	{'H7_gut_2'}
X	8874125	8874130	rover	True	False	1	{'R37_gut_0'}
X	8657922	8657930	rover	True	False	1	{'H7_gut_6'}
X	8246320	8246362	flea	True	False	1	{'R1_gut_0'}
X	7993112	7993116	rover	True	False	1	{'R5_gut_5'}
X	7850295	7850299	rover	True	False	1	{'H4_gut_3'}
X	7693418	7693422	rover	True	False	1	{'R43_gut_1'}
X	7684916	7684920	rover	True	False	1	{'H7_gut_4'}
X	7349836	7349841	rover	True	False	1	{'R11_gut_7'}
X	7223069	7223074	rover	True	False	1	{'H4_gut_2'}
X	7009492	7009531	flea	True	False	1	{'R4_head_0'}
X	6859243	6859255	I-element	True	False	1	{'R63_gut_6'}
X	6708053	6708058	copia	True	False	1	{'R29_gut_4'}
X	6541902	6541906	rover	True	False	1	{'R25_gut_1'}
X	6499552	6499557	rover	True	False	1	{'R9_gut_1'}
X	6466782	6466826	3S18	True	False	1	{'R64_head_74'}
X	6388219	6388239	F-element	True	False	1	{'H7_gut_2'}
X	6370605	6370610	rover	True	False	1	{'R63_gut_1'}
X	6167607	6167612	rover	True	False	1	{'R5_gut_2'}
X	5393405	5393409	rover	True	False	1	{'R55_gut_0'}
X	5239094	5239099	rover	True	False	1	{'R57_gut_5'}
X	5151981	5151982	rover	True	False	2	{'H7_gut_4', 'R61_gut_4'}
X	5093606	5093607	rover	True	False	1	{'R33_gut_0'}
X	4912183	4912187	rover	True	False	1	{'H4_gut_10'}
X	4676540	4676545	rover	True	False	1	{'H7_gut_19'}
X	4676536	4676541	rover	True	False	1	{'R37_gut_1'}
X	4675507	4675514	rover	True	False	1	{'H4_gut_7'}
X	4612748	4612757	rover	True	False	1	{'H4_gut_6'}
X	4612489	4612494	copia	True	False	1	{'R13_gut_2'}
X	4609130	4609135	copia	True	False	1	{'H4_gut_2'}
X	4586711	4586716	rover	True	False	1	{'H7_gut_7'}
X	4586631	4586635	copia	True	False	1	{'R51_gut_2'}
X	4210325	4210330	rover	True	False	1	{'R35_gut_0'}
X	4145276	4145281	rover	True	False	1	{'R57_gut_1'}
X	3477192	3477196	rover	True	False	1	{'R59_gut_10'}
X	3442603	3442615	I-element	True	False	1	{'R49_gut_4'}
X	3438932	3438945	I-element	True	False	1	{'H7_gut_9'}
X	3427440	3427446	rover	True	False	1	{'H7_gut_7'}
X	3396156	3396160	rover	True	False	1	{'R3_gut_10'}
X	3294364	3294368	copia	True	False	1	{'R61_gut_9'}
X	3275182	3275188	rover	True	False	1	{'R11_gut_11'}
X	3215140	3215145	rover	True	False	1	{'R33_gut_9'}
X	3171299	3171299	rover	True	False	1	{'R9_gut_4'}
X	3171101	3171107	rover	True	False	1	{'R43_gut_0'}
X	3151113	3151118	rover	True	False	1	{'R9_gut_2'}
X	2949046	2949047	rover	True	False	1	{'R41B_gut_1'}
X	2755493	2755498	rover	True	False	1	{'R37_gut_3'}
X	2662624	2662629	rover	True	False	1	{'H7_gut_3'}
X	2594354	2594358	copia	True	False	1	{'H1_gut_0'}
X	1597471	1597475	copia	True	False	1	{'R31_gut_0'}
X	1249552	1249556	rover	True	False	1	{'R53_gut_2'}
X	1238001	1238006	rover	True	False	1	{'R57_gut_0'}
X	1183322	1183334	I-element	True	False	1	{'R33_gut_0'}
X	939185	939189	rover	True	False	1	{'R17_gut_2'}
X	597509	597519	I-element	True	False	1	{'R37_gut_7'}
X	426934	426939	copia	True	False	1	{'H4_gut_6'}
X	397390	397396	copia	True	False	1	{'R3_gut_9'}
X	393838	393843	rover	True	False	1	{'H4_gut_5'}
4	1160968	1160972	roo	True	False	1	{'R30_head_61'}
4	1026356	1026360	rover	True	False	1	{'R33_gut_1'}
4	983346	983352	rover	True	False	1	{'R25_gut_7'}
4	396836	396839	rover	True	False	1	{'R33_gut_3'}
4	274633	274638	rover	True	False	1	{'R49_gut_1'}
4	259637	259681	NOF	True	False	1	{'H9_head_207'}
4	180211	180215	rover	True	False	1	{'R33_gut_0'}
3R	31914491	31914495	rover	True	False	1	{'R43_gut_8'}
3R	31913723	31913733	Doc	True	False	1	{'H7_gut_35'}
3R	31682556	31682568	I-element	True	False	1	{'R53_gut_11'}
3R	31662820	31662826	rover	True	False	1	{'R37_gut_5'}
3R	31662304	31662308	rover	True	False	1	{'H4_gut_7'}
3R	31371770	31371779	rover	True	False	1	{'R13_gut_8'}
3R	31310737	31310742	rover	True	False	1	{'R35_gut_2'}
3R	31125346	31125351	rover	True	False	1	{'H7_gut_14'}
3R	31087989	31087993	rover	True	False	1	{'R63_gut_2'}
3R	31067557	31067569	I-element	True	False	1	{'R57_gut_1'}
3R	30813561	30813572	I-element	True	False	1	{'H1_gut_2'}
3R	30386612	30386616	copia	True	False	1	{'H4_gut_0'}
3R	30283121	30283125	copia	True	False	1	{'R3_gut_0'}
3R	29288990	29289000	I-element	True	False	1	{'R13_gut_2'}
3R	29002601	29002605	rover	True	False	1	{'R57_gut_1'}
3R	28807593	28807598	rover	True	False	1	{'R57_gut_13'}
3R	28659074	28659079	rover	True	False	1	{'R37_gut_0'}
3R	28625406	28625419	I-element	True	False	1	{'R41B_gut_1'}
3R	28587606	28587610	rover	True	False	1	{'H7_gut_20'}
3R	28328684	28328688	copia	True	False	1	{'R51_gut_1'}
3R	28090593	28090602	ZAM	True	False	1	{'R1_gut_2'}
3R	28089844	28089849	rover	True	False	1	{'R11_gut_3'}
3R	27946039	27946044	rover	True	False	1	{'H4_gut_4'}
3R	27946032	27946062	Tabor	True	False	1	{'H1_gut_4'}
3R	27773597	27773634	FB	True	False	1	{'R1_gut_6'}
3R	27646270	27646275	rover	True	False	1	{'R3_gut_6'}
3R	27357346	27357383	accord2	True	False	1	{'R44_head_71'}
3R	27067731	27067738	rover	True	False	1	{'H7_gut_0'}
3R	26871491	26871495	rover	True	False	1	{'R63_gut_3'}
3R	26599415	26599420	rover	True	False	1	{'H1_gut_4'}
3R	26566219	26566223	rover	True	False	1	{'H4_gut_3'}
3R	26327900	26327905	rover	True	False	1	{'R9_gut_1'}
3R	26106679	26106684	copia	True	False	1	{'R41A_gut_1'}
3R	26083611	26083616	rover	True	False	1	{'R35_gut_0'}
3R	25586783	25586788	rover	True	False	1	{'R37_gut_0'}
3R	25439058	25439062	copia	True	False	1	{'R59_gut_2'}
3R	25209158	25209163	rover	True	False	1	{'H4_gut_0'}
3R	24807259	24807275	gypsy3	True	False	1	{'H1_gut_7'}
3R	24698360	24698367	rover	True	False	1	{'R49_gut_4'}
3R	24621925	24621931	rover	True	False	1	{'H4_gut_5'}
3R	24611458	24611463	copia	True	False	1	{'R41A_gut_4'}
3R	24600618	24600623	rover	True	False	1	{'R9_gut_2'}
3R	24600427	24600431	copia	True	False	1	{'R21_gut_1'}
3R	24572079	24572083	rover	True	False	1	{'R13_gut_1'}
3R	24126868	24126873	rover	True	False	1	{'R25_gut_1'}
3R	24039430	24039443	Rt1b	True	False	1	{'R54_head_2'}
3R	23909133	23909137	rover	True	False	1	{'H7_gut_30'}
3R	23787519	23787523	rover	True	False	1	{'R9_gut_1'}
3R	23342737	23342742	rover	True	False	1	{'H7_gut_17'}
3R	23342089	23342093	rover	True	False	1	{'R23_gut_0'}
3R	23333599	23333603	copia	True	False	1	{'R11_gut_13'}
3R	23333258	23333262	rover	True	False	1	{'R41A_gut_2'}
3R	23331358	23331363	diver	True	False	1	{'R11_gut_10'}
3R	23149808	23149813	rover	True	False	1	{'R37_gut_0'}
3R	22737755	22737779	Q-element	True	False	1	{'R44_head_181'}
3R	22481576	22481581	rover	True	False	1	{'R13_gut_1'}
3R	22205993	22205998	rover	True	False	1	{'R35_gut_2'}
3R	21830473	21830477	rover	True	False	1	{'R33_gut_5'}
3R	21741066	21741070	rover	True	False	1	{'R55_gut_1'}
3R	21333728	21333733	rover	True	False	1	{'R11_gut_2'}
3R	21097449	21097453	rover	True	False	1	{'R3_gut_1'}
3R	20801581	20801586	rover	True	False	1	{'R37_gut_1'}
3R	20607563	20607609	Tirant	True	False	1	{'R62_head_130'}
3R	20550661	20550667	rover	True	False	1	{'R9_gut_2'}
3R	19872271	19872275	rover	True	False	1	{'H7_gut_14'}
3R	19803885	19803906	gypsy2	True	False	1	{'R8_head_76'}
3R	19616423	19616428	rover	True	False	1	{'R55_gut_1'}
3R	19100742	19100746	rover	True	False	1	{'H4_gut_7'}
3R	19072947	19072952	rover	True	False	1	{'H4_gut_3'}
3R	19062542	19062553	I-element	True	False	1	{'R31_gut_2'}
3R	18792314	18792319	rover	True	False	1	{'R37_gut_6'}
3R	18772550	18772556	rover	True	False	1	{'R35_gut_7'}
3R	18447146	18447189	1360	True	False	1	{'R59_gut_9'}
3R	18446214	18446218	copia	True	False	1	{'R3_gut_9'}
3R	18393223	18393227	rover	True	False	1	{'R27_gut_1'}
3R	18297308	18297312	rover	True	False	1	{'H7_gut_13'}
3R	18070591	18070596	rover	True	False	1	{'R37_gut_1'}
3R	17713987	17713992	copia	True	False	1	{'R33_gut_4'}
3R	17531861	17531865	rover	True	False	1	{'R3_gut_3'}
3R	17226824	17226847	Stalker4	True	False	1	{'R62_head_37'}
3R	17114337	17114360	accord2	True	False	1	{'R64_head_28'}
3R	16794811	16794815	copia	True	False	1	{'R41A_gut_7'}
3R	16358102	16358107	rover	True	False	1	{'R33_gut_3'}
3R	16318873	16318878	rover	True	False	1	{'R43_gut_1'}
3R	16292357	16292361	copia	True	False	1	{'R3_gut_5'}
3R	16269663	16269698	1360	True	False	1	{'R26_head_33'}
3R	16207110	16207115	rover	True	False	1	{'R25_gut_0'}
3R	15560900	15560901	rover	True	False	1	{'H7_gut_17'}
3R	15560889	15560895	rover	True	False	1	{'H4_gut_5'}
3R	15416632	15416645	opus	True	False	1	{'R26_head_40'}
3R	15313550	15313554	rover	True	False	1	{'H7_gut_11'}
3R	15310552	15310585	Tirant	True	False	1	{'R30_head_30'}
3R	15283108	15283113	rover	True	False	1	{'H7_gut_7'}
3R	15182368	15182375	diver	True	False	1	{'R35_gut_0'}
3R	15092713	15092717	copia	True	False	1	{'R45_gut_0'}
3R	14844456	14844462	rover	True	False	1	{'R51_gut_6'}
3R	14758186	14758191	rover	True	False	1	{'R63_gut_5'}
3R	14738220	14738225	rover	True	False	1	{'R57_gut_19'}
3R	14541442	14541447	17.6	True	False	1	{'H7_gut_28'}
3R	14479552	14479557	copia	True	False	1	{'R9_gut_6'}
3R	14473552	14473556	rover	True	False	1	{'H7_gut_16'}
3R	14363685	14363690	rover	True	False	1	{'R9_gut_5'}
3R	14294493	14294498	rover	True	False	1	{'R33_gut_5'}
3R	14005432	14005438	rover	True	False	1	{'R9_gut_1'}
3R	13824075	13824079	rover	True	False	1	{'R59_gut_4'}
3R	13764389	13764392	rover	True	False	1	{'R9_gut_0'}
3R	13764385	13764390	rover	True	False	1	{'H4_gut_1'}
3R	13762990	13762995	rover	True	False	1	{'R35_gut_0'}
3R	13171825	13171830	rover	True	False	1	{'R27_gut_0'}
3R	13171823	13171828	rover	True	False	1	{'H7_gut_5'}
3R	12801645	12801650	rover	True	False	1	{'R33_gut_2'}
3R	12701432	12701437	rover	True	False	1	{'R23_gut_0'}
3R	12563572	12563576	rover	True	False	1	{'H1_gut_1'}
3R	11852533	11852564	F-element	True	False	1	{'R59_gut_10'}
3R	11852417	11852422	copia	True	False	1	{'R61_gut_18'}
3R	11613544	11613548	blood	True	False	1	{'R33_gut_4'}
3R	11569941	11569945	rover	True	False	1	{'H1_gut_3'}
3R	11540396	11540401	rover	True	False	1	{'R41A_gut_0'}
3R	11461834	11461837	rover	True	False	1	{'H4_gut_3'}
3R	11461827	11461833	rover	True	False	1	{'R55_gut_0'}
3R	11181573	11181579	Burdock	True	False	1	{'R1_gut_2'}
3R	10662174	10662179	rover	True	False	1	{'R35_gut_0'}
3R	10284627	10284630	springer	True	False	1	{'H1_gut_1'}
3R	10283904	10283909	copia	True	False	1	{'R59_gut_1'}
3R	9979944	9979949	rover	True	False	1	{'R37_gut_3'}
3R	9951995	9952001	rover	True	False	1	{'H4_gut_4'}
3R	9933906	9933910	copia	True	False	1	{'R39_gut_2'}
3R	9530071	9530076	rover	True	False	1	{'R35_gut_1'}
3R	9510637	9510641	micropia	True	False	1	{'R22_head_49'}
3R	9449189	9449192	Tirant	True	False	1	{'H6_head_122'}
3R	9114610	9114616	rover	True	False	1	{'R33_gut_0'}
3R	9036638	9036642	rover	True	False	1	{'R57_gut_2'}
3R	8881686	8881693	rover	True	False	1	{'H4_gut_7'}
3R	8702289	8702316	opus	True	False	1	{'R56_head_95'}
3R	8655212	8655217	rover	True	False	1	{'R9_gut_3'}
3R	8289336	8289342	rover	True	False	1	{'R35_gut_1'}
3R	8121918	8121924	rover	True	False	1	{'H4_gut_3'}
3R	8112157	8112163	rover	True	False	1	{'H7_gut_7'}
3R	8105163	8105168	rover	True	False	1	{'R57_gut_0'}
3R	7785809	7785813	copia	True	False	1	{'H7_gut_21'}
3R	7783788	7783793	rover	True	False	1	{'R49_gut_1'}
3R	7504693	7504702	rover	True	False	1	{'R57_gut_6'}
3R	7504693	7504698	rover	True	False	1	{'R5_gut_1'}
3R	7504692	7504704	rover	True	False	1	{'R3_gut_3'}
3R	7485203	7485213	jockey	True	False	1	{'R23_gut_0'}
3R	7113606	7113611	rover	True	False	1	{'R39_gut_1'}
3R	6762055	6762060	copia	True	False	1	{'H7_gut_16'}
3R	6311221	6311233	copia	True	False	1	{'H7_gut_3'}
3R	5925513	5925557	GATE	True	False	1	{'R64_head_255'}
3R	5870931	5870936	rover	True	False	1	{'R37_gut_8'}
3R	5835403	5835408	rover	True	False	1	{'R13_gut_10'}
3R	5716326	5716330	R1A1-element	True	False	1	{'R12_head_139'}
3R	5575117	5575121	rover	True	False	1	{'R35_gut_7'}
3R	5308232	5308237	copia	True	False	1	{'R41A_gut_6'}
3R	5301491	5301496	copia	True	False	1	{'R61_gut_22'}
3R	5227437	5227442	rover	True	False	1	{'R9_gut_5'}
3R	5111084	5111089	rover	True	False	2	{'H7_gut_16', 'R49_gut_2'}
3R	5054418	5054422	rover	True	False	1	{'R29_gut_0'}
3R	5033894	5033896	rover	True	False	1	{'H7_gut_2'}
3R	5032978	5032981	rover	True	False	1	{'R33_gut_0'}
3R	4717090	4717105	3S18	True	False	1	{'R26_head_252'}
3R	4694377	4694382	copia	True	False	1	{'R41A_gut_6'}
3R	4461067	4461071	rover	True	False	1	{'R5_gut_2'}
3R	4447003	4447008	rover	True	False	1	{'R33_gut_2'}
3R	4320369	4320375	rover	True	False	1	{'R23_gut_0'}
3R	1825183	1825187	Transpac	True	False	1	{'R21_gut_9'}
3R	1137748	1137780	412	True	False	1	{'R54_head_20'}
3L	25952158	25952169	G4	True	False	1	{'R18_head_946'}
3L	25422404	25422440	Circe	True	False	1	{'R62_head_364'}
3L	25188185	25188196	1360	True	False	1	{'H6_head_193'}
3L	25187254	25187254	gypsy4	True	False	2	{'R42A_head_116', 'R42B_head_116'}
3L	24731689	24731694	rover	True	False	1	{'R11_gut_2'}
3L	24725151	24725155	rover	True	False	1	{'R33_gut_0'}
3L	24150795	24150816	Quasimodo	True	False	2	{'R42B_head_67', 'R42A_head_67'}
3L	24082447	24082493	gypsy4	True	False	1	{'R60_head_120'}
3L	23721858	23721863	rover	True	False	1	{'R9_gut_2'}
3L	23437519	23437539	Cr1a	True	False	1	{'R8_head_487'}
3L	22672936	22672940	rover	True	False	1	{'R51_gut_1'}
3L	22235982	22236020	412	True	False	1	{'H1_gut_1'}
3L	21932218	21932223	rover	True	False	1	{'H7_gut_30'}
3L	21927706	21927713	rover	True	False	1	{'R27_gut_2'}
3L	21562287	21562292	rover	True	False	1	{'R39_gut_2'}
3L	21383626	21383631	copia	True	False	1	{'R29_gut_2'}
3L	21260165	21260172	rover	True	False	1	{'H7_gut_11'}
3L	21260159	21260163	rover	True	False	1	{'H1_gut_1'}
3L	21048997	21049001	rover	True	False	1	{'R33_gut_2'}
3L	21043833	21043837	297	True	False	1	{'R64_head_8'}
3L	20660717	20660721	rover	True	False	1	{'R57_gut_19'}
3L	20522454	20522459	rover	True	False	1	{'R9_gut_15'}
3L	20517042	20517046	rover	True	False	1	{'R37_gut_9'}
3L	20404530	20404534	rover	True	False	1	{'R33_gut_16'}
3L	20349779	20349783	rover	True	False	1	{'H7_gut_30'}
3L	20068861	20068866	rover	True	False	1	{'R33_gut_0'}
3L	19989679	19989690	rover	True	False	1	{'R35_gut_1'}
3L	19940077	19940081	rover	True	False	1	{'H4_gut_2'}
3L	19648907	19648913	rover	True	False	1	{'R35_gut_0'}
3L	19647647	19647679	roo	True	False	1	{'R23_gut_0'}
3L	19257820	19257825	rover	True	False	2	{'R5_gut_1', 'R33_gut_0'}
3L	19257705	19257710	copia	True	False	1	{'R41A_gut_1'}
3L	18997333	18997337	rover	True	False	1	{'R45_gut_2'}
3L	18995182	18995187	rover	True	False	1	{'R55_gut_5'}
3L	18789271	18789275	copia	True	False	1	{'H7_gut_26'}
3L	18231360	18231365	rover	True	False	1	{'R25_gut_3'}
3L	18045771	18045776	copia	True	False	1	{'R27_gut_2'}
3L	18011318	18011322	copia	True	False	1	{'R33_gut_2'}
3L	17972717	17972722	rover	True	False	1	{'H1_gut_16'}
3L	17905649	17905654	rover	True	False	1	{'R31_gut_7'}
3L	17657771	17657775	rover	True	False	1	{'R33_gut_15'}
3L	17656720	17656732	I-element	True	False	1	{'R37_gut_3'}
3L	17625056	17625059	rover	True	False	1	{'R33_gut_11'}
3L	17601029	17601033	rover	True	False	1	{'R13_gut_8'}
3L	17590410	17590414	rover	True	False	1	{'H4_gut_12'}
3L	17569012	17569017	copia	True	False	1	{'H7_gut_30'}
3L	17561517	17561522	rover	True	False	1	{'R57_gut_6'}
3L	17481612	17481616	rover	True	False	1	{'R33_gut_9'}
3L	17454247	17454254	rover	True	False	1	{'H7_gut_11'}
3L	17245265	17245270	diver	True	False	1	{'R39_gut_1'}
3L	17058892	17058903	rover	True	False	1	{'H7_gut_0'}
3L	17058890	17058897	rover	True	False	1	{'R61_gut_1'}
3L	16922211	16922216	rover	True	False	1	{'R25_gut_5'}
3L	16894950	16894954	copia	True	False	1	{'R1_gut_19'}
3L	16893736	16893741	copia	True	False	1	{'R41A_gut_11'}
3L	16889983	16889988	copia	True	False	1	{'R37_gut_4'}
3L	16857566	16857571	rover	True	False	1	{'H4_gut_14'}
3L	16803082	16803087	rover	True	False	1	{'H4_gut_13'}
3L	16411948	16411952	rover	True	False	1	{'R55_gut_2'}
3L	16258932	16258937	rover	True	False	1	{'H4_gut_8'}
3L	16157316	16157321	rover	True	False	1	{'R9_gut_1'}
3L	16154050	16154055	copia	True	False	1	{'R43_gut_2'}
3L	16149033	16149037	copia	True	False	1	{'R31_gut_3'}
3L	15697626	15697635	3S18	True	False	1	{'H3_head_192'}
3L	15553860	15553865	rover	True	False	1	{'H7_gut_10'}
3L	15553799	15553827	hobo	True	False	1	{'R57_gut_3'}
3L	15032735	15032740	rover	True	False	1	{'H7_gut_4'}
3L	14962481	14962485	copia	True	False	1	{'R41A_gut_6'}
3L	14791253	14791258	rover	True	False	1	{'H4_gut_2'}
3L	14783738	14783742	copia	True	False	1	{'R1_gut_3'}
3L	14783184	14783188	copia	True	False	1	{'R57_gut_9'}
3L	14346862	14346867	diver	True	False	1	{'R49_gut_0'}
3L	13310093	13310097	rover	True	False	1	{'H4_gut_2'}
3L	13260054	13260086	Stalker4	True	False	1	{'R61_gut_12'}
3L	13259973	13259977	rover	True	False	1	{'H4_gut_1'}
3L	13255033	13255037	copia	True	False	1	{'R53_gut_1'}
3L	13213991	13213996	rover	True	False	1	{'R9_gut_0'}
3L	13139483	13139489	copia	True	False	1	{'R1_gut_2'}
3L	13106274	13106287	TART-A	True	False	1	{'R12_head_15'}
3L	12829133	12829155	1731	True	False	1	{'R20_head_33'}
3L	12459583	12459587	rover	True	False	1	{'R37_gut_3'}
3L	12410280	12410284	rover	True	False	2	{'R61_gut_16', 'R33_gut_3'}
3L	12251039	12251040	rover	True	False	1	{'R33_gut_2'}
3L	12217847	12217851	rover	True	False	1	{'R59_gut_6'}
3L	12178764	12178770	rover	True	False	1	{'R9_gut_2'}
3L	11975729	11975756	Idefix	True	False	1	{'R26_head_122'}
3L	11844377	11844383	rover	True	False	1	{'H7_gut_22'}
3L	11355070	11355075	copia	True	False	1	{'R57_gut_10'}
3L	11345489	11345494	rover	True	False	1	{'H4_gut_2'}
3L	11345259	11345305	Max-element	True	False	1	{'R11_gut_13'}
3L	11296155	11296161	copia	True	False	1	{'R51_gut_2'}
3L	11044048	11044053	rover	True	False	1	{'R11_gut_2'}
3L	11044047	11044053	rover	True	False	1	{'R39_gut_0'}
3L	10684637	10684644	Dm88	True	False	1	{'H7_gut_23'}
3L	10683262	10683310	X-element	True	False	1	{'R1_gut_6'}
3L	10562799	10562804	rover	True	False	1	{'R13_gut_6'}
3L	10510369	10510373	rover	True	False	1	{'R3_gut_4'}
3L	10393097	10393101	rover	True	False	1	{'R9_gut_1'}
3L	10285472	10285477	rover	True	False	1	{'H7_gut_8'}
3L	10020134	10020138	rover	True	False	1	{'R55_gut_0'}
3L	9969781	9969785	rover	True	False	1	{'R59_gut_13'}
3L	9383239	9383242	rover	True	False	1	{'H4_gut_4'}
3L	9312863	9312868	rover	True	False	1	{'R9_gut_2'}
3L	9108532	9108537	rover	True	False	1	{'R51_gut_0'}
3L	8816855	8816859	rover	True	False	1	{'R27_gut_6'}
3L	8775194	8775204	copia	True	False	1	{'R41A_gut_6'}
3L	8773704	8773709	rover	True	False	1	{'R33_gut_9'}
3L	8773700	8773701	rover	True	False	1	{'R25_gut_5'}
3L	8703515	8703519	copia	True	False	1	{'R53_gut_11'}
3L	8701989	8702024	X-element	True	False	1	{'R61_gut_19'}
3L	8675848	8675853	rover	True	False	1	{'R9_gut_3'}
3L	8673981	8673986	rover	True	False	1	{'R43_gut_1'}
3L	8444577	8444582	copia	True	False	1	{'R17_gut_1'}
3L	8439191	8439195	rover	True	False	1	{'R1_gut_9'}
3L	8398657	8398662	rover	True	False	1	{'R33_gut_3'}
3L	8083548	8083553	rover	True	False	1	{'R1_gut_3'}
3L	8008898	8008903	rover	True	False	1	{'R53_gut_1'}
3L	7836401	7836406	rover	True	False	1	{'R57_gut_9'}
3L	7786097	7786102	rover	True	False	1	{'R25_gut_2'}
3L	7150193	7150199	rover	True	False	1	{'H7_gut_7'}
3L	7052351	7052356	rover	True	False	1	{'R41A_gut_1'}
3L	6697309	6697314	rover	True	False	1	{'R37_gut_1'}
3L	6641425	6641427	I-element	True	False	1	{'R50_head_201'}
3L	6441031	6441035	rover	True	False	1	{'H4_gut_0'}
3L	6085585	6085597	Doc	True	False	1	{'R36_head_21'}
3L	5919460	5919463	blood	True	False	1	{'R31_gut_6'}
3L	5885126	5885136	Doc	True	False	1	{'R40_head_98'}
3L	5364453	5364458	copia	True	False	1	{'R33_gut_2'}
3L	5257666	5257690	Max-element	True	False	1	{'H1_gut_1'}
3L	5204020	5204024	rover	True	False	1	{'R49_gut_0'}
3L	5092712	5092712	GATE	True	False	1	{'H6_head_18'}
3L	3743244	3743247	rover	True	False	1	{'R17_gut_0'}
3L	3734170	3734206	Xanthias	True	False	1	{'R50_head_233'}
3L	3542241	3542245	copia	True	False	1	{'R41A_gut_2'}
3L	3345312	3345325	I-element	True	False	1	{'R59_gut_8'}
3L	3253616	3253619	rover	True	False	1	{'R57_gut_8'}
3L	3247014	3247018	copia	True	False	1	{'R9_gut_1'}
3L	3127449	3127454	rover	True	False	1	{'H4_gut_0'}
3L	2488011	2488016	rover	True	False	1	{'R9_gut_2'}
3L	2254117	2254154	roo	True	False	1	{'R13_gut_2'}
3L	2252756	2252759	rover	True	False	1	{'R39_gut_1'}
3L	2167648	2167653	rover	True	False	1	{'R27_gut_1'}
3L	1972457	1972462	rover	True	False	1	{'R19_gut_0'}
3L	1972230	1972259	opus	True	False	1	{'R50_head_294'}
3L	1954217	1954246	R1A1-element	True	False	1	{'H9_head_335'}
3L	1582995	1582999	copia	True	False	1	{'R21_gut_1'}
3L	1032592	1032597	rover	True	False	1	{'H4_gut_0'}
3L	886198	886201	rover	True	False	1	{'R57_gut_36'}
3L	817142	817154	I-element	True	False	1	{'R61_gut_47'}
3L	781352	781359	rover	True	False	1	{'R31_gut_14'}
3L	683777	683779	flea	True	False	1	{'R1_gut_29'}
3L	676654	676698	17.6	True	False	1	{'R44_head_181'}
3L	632661	632702	opus	True	False	1	{'R1_gut_27'}
3L	632482	632486	rover	True	False	1	{'H4_gut_18'}
3L	559962	559967	rover	True	False	1	{'H4_gut_15'}
3L	550173	550178	copia	True	False	1	{'R29_gut_11'}
3L	491780	491788	rover	True	False	1	{'H4_gut_12'}
3L	157254	157267	I-element	True	False	1	{'R19_gut_2'}
3L	155875	155880	diver	True	False	1	{'R29_gut_7'}
3L	154189	154193	rover	True	False	1	{'R11_gut_31'}
3L	107934	107939	rover	True	False	1	{'R33_gut_13'}
3L	107329	107333	rover	True	False	1	{'R57_gut_16'}
3L	92212	92226	I-element	True	False	1	{'R61_gut_12'}
3L	83871	83884	I-element	True	False	1	{'R33_gut_4'}
3L	79748	79758	I-element	True	False	1	{'R13_gut_7'}
3L	78852	78858	rover	True	False	1	{'R29_gut_2'}
3L	62940	62942	gypsy6	True	False	1	{'R56_head_10'}
2R	25132669	25132674	rover	True	False	1	{'R43_gut_3'}
2R	25060490	25060495	copia	True	False	1	{'R59_gut_2'}
2R	24999029	24999041	I-element	True	False	1	{'R1_gut_14'}
2R	24749274	24749280	rover	True	False	1	{'H4_gut_4'}
2R	24547224	24547228	micropia	True	False	1	{'R24_head_22'}
2R	24329474	24329522	copia	True	False	1	{'R1_gut_7'}
2R	24307518	24307524	rover	True	False	1	{'R43_gut_1'}
2R	23978912	23978916	rover	True	False	1	{'H4_gut_2'}
2R	23978910	23978915	rover	True	False	1	{'R49_gut_4'}
2R	23587700	23587709	rover	True	False	1	{'R9_gut_2'}
2R	23570243	23570248	rover	True	False	1	{'H7_gut_5'}
2R	23483418	23483422	rover	True	False	1	{'R27_gut_0'}
2R	22727358	22727398	F-element	True	False	1	{'H6_head_164'}
2R	22693652	22693659	rover	True	False	1	{'R49_gut_2'}
2R	22471922	22471928	rover	True	False	1	{'R37_gut_0'}
2R	22398865	22398869	copia	True	False	1	{'R1_gut_5'}
2R	22193592	22193597	rover	True	False	1	{'R11_gut_10'}
2R	22192420	22192424	copia	True	False	1	{'H7_gut_14'}
2R	22143986	22143992	rover	True	False	1	{'R43_gut_2'}
2R	22078822	22078828	rover	True	False	1	{'H4_gut_1'}
2R	22078822	22078827	rover	True	False	1	{'R53_gut_1'}
2R	21438264	21438268	diver	True	False	1	{'R13_gut_4'}
2R	21423895	21423900	rover	True	False	1	{'R57_gut_7'}
2R	21080718	21080723	rover	True	False	1	{'R53_gut_4'}
2R	21034654	21034658	rover	True	False	1	{'R39_gut_1'}
2R	20128500	20128511	I-element	True	False	1	{'R61_gut_3'}
2R	20048037	20048082	Dm88	True	False	1	{'H9_head_22'}
2R	19981134	19981173	F-element	True	False	1	{'R50_head_288'}
2R	19807777	19807784	rover	True	False	1	{'R13_gut_1'}
2R	19670202	19670202	McClintock	True	False	2	{'R42B_head_101', 'R42A_head_101'}
2R	19192948	19192953	gypsy12	True	False	1	{'R11_gut_2'}
2R	19192204	19192209	rover	True	False	1	{'R63_gut_0'}
2R	18764924	18764930	rover	True	False	1	{'R35_gut_3'}
2R	18649451	18649455	rover	True	False	1	{'R35_gut_2'}
2R	18436832	18436837	rover	True	False	1	{'R35_gut_0'}
2R	18400566	18400572	rover	True	False	1	{'R9_gut_0'}
2R	18353679	18353682	opus	True	False	1	{'R22_head_31'}
2R	18316891	18316895	copia	True	False	1	{'R51_gut_0'}
2R	17906532	17906537	rover	True	False	1	{'H4_gut_2'}
2R	17422117	17422122	copia	True	False	1	{'R41A_gut_1'}
2R	16831145	16831149	copia	True	False	1	{'R61_gut_14'}
2R	16795459	16795465	rover	True	False	1	{'R27_gut_2'}
2R	16695418	16695427	rover	True	False	1	{'R11_gut_10'}
2R	16674960	16674965	rover	True	False	1	{'R33_gut_2'}
2R	16195740	16195741	transib4	True	False	1	{'R58_head_28'}
2R	16133670	16133674	copia	True	False	1	{'R33_gut_1'}
2R	16132941	16132969	roo	True	False	1	{'R61_gut_2'}
2R	15968371	15968376	rover	True	False	1	{'R45_gut_0'}
2R	15690690	15690734	HMS-Beagle	True	False	1	{'R64_head_197'}
2R	15689973	15690009	R2-element	True	False	1	{'R62_head_136'}
2R	15529558	15529564	copia	True	False	1	{'R57_gut_1'}
2R	15172590	15172594	rover	True	False	1	{'R27_gut_0'}
2R	14983224	14983230	copia	True	False	1	{'R11_gut_16'}
2R	14919483	14919488	rover	True	False	4	{'R21_gut_4', 'H7_gut_17', 'R17_gut_3', 'H4_gut_9'}
2R	14520587	14520600	I-element	True	False	1	{'H4_gut_6'}
2R	14518812	14518823	I-element	True	False	1	{'R57_gut_7'}
2R	14517525	14517536	I-element	True	False	1	{'R45_gut_0'}
2R	14424173	14424178	rover	True	False	1	{'R35_gut_0'}
2R	14337315	14337320	rover	True	False	1	{'R23_gut_0'}
2R	14133559	14133601	Stalker	True	False	1	{'R50_head_45'}
2R	13686414	13686418	rover	True	False	1	{'R39_gut_2'}
2R	13623103	13623108	rover	True	False	1	{'R29_gut_2'}
2R	13605013	13605019	copia	True	False	1	{'R57_gut_8'}
2R	13604828	13604833	rover	True	False	1	{'R35_gut_1'}
2R	13576432	13576446	opus	True	False	1	{'R20_head_26'}
2R	13426525	13426537	I-element	True	False	1	{'R13_gut_2'}
2R	13270108	13270113	rover	True	False	1	{'R3_gut_1'}
2R	13009843	13009849	copia	True	False	1	{'R11_gut_0'}
2R	12895428	12895432	rover	True	False	1	{'H4_gut_14'}
2R	12620230	12620243	1360	True	False	1	{'H9_head_221'}
2R	12600930	12600935	rover	True	False	1	{'R9_gut_5'}
2R	12587981	12587985	rover	True	False	1	{'R9_gut_4'}
2R	12549630	12549636	copia	True	False	1	{'H4_gut_9'}
2R	12319893	12319897	rover	True	False	1	{'H1_gut_3'}
2R	12010956	12010961	rover	True	False	1	{'R45_gut_0'}
2R	11922388	11922394	rover	True	False	1	{'H7_gut_21'}
2R	11780068	11780073	copia	True	False	1	{'R39_gut_1'}
2R	11403368	11403371	rover	True	False	1	{'H4_gut_1'}
2R	11205226	11205231	copia	True	False	1	{'R17_gut_0'}
2R	11196492	11196500	copia	True	False	1	{'H4_gut_0'}
2R	10925499	10925504	rover	True	False	1	{'R33_gut_12'}
2R	10925499	10925503	rover	True	False	1	{'R39_gut_3'}
2R	10452971	10452976	rover	True	False	1	{'R45_gut_3'}
2R	10230074	10230079	rover	True	False	1	{'R23_gut_1'}
2R	10227271	10227276	rover	True	False	1	{'R41A_gut_0'}
2R	10191743	10191747	rover	True	False	1	{'R35_gut_0'}
2R	9868773	9868786	I-element	True	False	1	{'R25_gut_1'}
2R	9867604	9867608	rover	True	False	1	{'R43_gut_3'}
2R	9858771	9858774	roo	True	False	1	{'R6_head_123'}
2R	9815134	9815140	rover	True	False	1	{'R41A_gut_6'}
2R	9536119	9536124	rover	True	False	1	{'R63_gut_7'}
2R	9524460	9524465	rover	True	False	1	{'R31_gut_5'}
2R	9214468	9214472	rover	True	False	1	{'R9_gut_3'}
2R	9202279	9202284	rover	True	False	1	{'R37_gut_1'}
2R	9148392	9148398	rover	True	False	1	{'H7_gut_2'}
2R	8978461	8978466	rover	True	False	1	{'R13_gut_6'}
2R	8977185	8977196	I-element	True	False	1	{'R61_gut_10'}
2R	8866394	8866438	Transpac	True	False	1	{'H1_gut_3'}
2R	8443645	8443650	rover	True	False	1	{'R9_gut_2'}
2R	8417192	8417199	rover	True	False	1	{'R39_gut_1'}
2R	8297769	8297774	rover	True	False	1	{'R27_gut_1'}
2R	8183296	8183301	rover	True	False	1	{'R33_gut_0'}
2R	7753988	7753994	rover	True	False	1	{'R31_gut_7'}
2R	7738638	7738643	rover	True	False	1	{'H7_gut_43'}
2R	7738236	7738241	rover	True	False	1	{'R35_gut_3'}
2R	7737351	7737356	rover	True	False	1	{'R37_gut_4'}
2R	7628587	7628591	rover	True	False	1	{'R63_gut_4'}
2R	7623556	7623561	rover	True	False	1	{'R41A_gut_2'}
2R	7529469	7529473	rover	True	False	1	{'R37_gut_3'}
2R	7321362	7321411	3S18	True	False	1	{'R20_head_22'}
2R	7250374	7250378	rover	True	False	1	{'R45_gut_0'}
2R	7250118	7250124	rover	True	False	1	{'H7_gut_22'}
2R	7159682	7159712	copia	True	False	1	{'R43_gut_2'}
2R	7159622	7159623	S-element	True	False	1	{'R29_gut_2'}
2R	7099365	7099368	blood	True	False	1	{'R25_gut_2'}
2R	7090593	7090598	copia	True	False	1	{'R61_gut_9'}
2R	7026672	7026675	rover	True	False	1	{'R33_gut_0'}
2R	6988297	6988310	I-element	True	False	1	{'R59_gut_17'}
2R	6868184	6868189	rover	True	False	1	{'H4_gut_10'}
2R	6849969	6849985	Max-element	True	False	1	{'H9_head_525'}
2R	6683949	6683954	copia	True	False	1	{'R31_gut_3'}
2R	6623344	6623349	rover	True	False	1	{'R37_gut_4'}
2R	6621667	6621671	rover	True	False	1	{'R41B_gut_5'}
2R	6532299	6532303	copia	True	False	1	{'R3_gut_10'}
2R	6525931	6525935	copia	True	False	1	{'R35_gut_1'}
2R	6242588	6242592	rover	True	False	1	{'R37_gut_1'}
2R	6198772	6198777	rover	True	False	1	{'R11_gut_3'}
2R	5966475	5966496	Bari1	True	False	1	{'H6_head_929'}
2R	5700598	5700603	rover	True	False	1	{'R3_gut_32'}
2R	5668591	5668594	rover	True	False	1	{'R57_gut_22'}
2R	5618609	5618624	TART-A	True	False	1	{'R12_head_1051'}
2R	5360286	5360292	rover	True	False	1	{'R33_gut_26'}
2R	5359353	5359381	flea	True	False	1	{'R50_head_457'}
2R	5225913	5225929	Rt1b	True	False	1	{'H1_gut_13'}
2R	5120344	5120349	rover	True	False	1	{'H4_gut_2'}
2R	4707189	4707189	INE-1	True	False	1	{'R22_head_708'}
2R	4543210	4543214	rover	True	False	1	{'R57_gut_21'}
2R	4007703	4007712	F-element	True	False	1	{'R56_head_11'}
2L	22635134	22635148	Rt1b	True	False	1	{'R18_head_532'}
2L	22209308	22209312	rover	True	False	1	{'H4_gut_4'}
2L	22156398	22156424	1731	True	False	1	{'H9_head_143'}
2L	21793985	21793988	rover	True	False	1	{'R33_gut_25'}
2L	21380613	21380618	rover	True	False	1	{'R13_gut_15'}
2L	21380269	21380273	rover	True	False	1	{'R9_gut_13'}
2L	21346607	21346612	rover	True	False	1	{'R31_gut_7'}
2L	21326161	21326166	rover	True	False	1	{'R57_gut_13'}
2L	21266107	21266112	rover	True	False	1	{'R45_gut_1'}
2L	21244819	21244832	rover	True	False	1	{'R57_gut_3'}
2L	21244815	21244830	rover	True	False	1	{'R9_gut_2'}
2L	21208814	21208820	accord	True	False	1	{'R62_head_45'}
2L	21106565	21106570	rover	True	False	1	{'H7_gut_7'}
2L	21090940	21090947	rover	True	False	1	{'R9_gut_1'}
2L	20852139	20852143	rover	True	False	1	{'R11_gut_4'}
2L	20637494	20637543	17.6	True	False	1	{'R22_head_147'}
2L	20004479	20004485	rover	True	False	1	{'R61_gut_1'}
2L	20003510	20003515	rover	True	False	1	{'R53_gut_1'}
2L	20003508	20003513	rover	True	False	1	{'R33_gut_0'}
2L	19789439	19789443	rover	True	False	1	{'H7_gut_14'}
2L	19640517	19640523	rover	True	False	1	{'R3_gut_7'}
2L	19635022	19635026	rover	True	False	1	{'R37_gut_2'}
2L	19572628	19572638	F-element	True	False	1	{'R6_head_87'}
2L	19531860	19531877	R1A1-element	True	False	1	{'R50_head_190'}
2L	19411927	19411928	rover	True	False	1	{'R3_gut_4'}
2L	19362170	19362174	copia	True	False	1	{'R59_gut_1'}
2L	18630587	18630592	rover	True	False	1	{'R13_gut_2'}
2L	18618375	18618379	copia	True	False	1	{'R9_gut_1'}
2L	18489664	18489669	copia	True	False	1	{'H4_gut_6'}
2L	18429893	18429898	rover	True	False	1	{'H4_gut_3'}
2L	18193081	18193086	copia	True	False	1	{'R51_gut_1'}
2L	17580263	17580306	Quasimodo	True	False	1	{'R1_gut_2'}
2L	17380694	17380699	rover	True	False	2	{'R11_gut_1', 'R35_gut_0'}
2L	16921203	16921238	HeT-A	True	False	1	{'R62_head_158'}
2L	16818471	16818476	rover	True	False	1	{'R13_gut_4'}
2L	16772187	16772194	rover	True	False	1	{'H4_gut_6'}
2L	16720856	16720862	copia	True	False	1	{'R29_gut_1'}
2L	16720066	16720070	copia	True	False	1	{'R13_gut_1'}
2L	16669907	16669921	invader2	True	False	1	{'H9_head_255'}
2L	16652488	16652492	roo	True	False	1	{'R39_gut_2'}
2L	16504432	16504437	rover	True	False	1	{'R3_gut_3'}
2L	16465448	16465453	rover	True	False	1	{'R39_gut_0'}
2L	16307547	16307551	Stalker	True	False	1	{'H9_head_126'}
2L	15969583	15969592	gtwin	True	False	1	{'R62_head_178'}
2L	15322664	15322679	I-element	True	False	1	{'R27_gut_2'}
2L	15314650	15314657	copia	True	False	1	{'R57_gut_3'}
2L	15021537	15021541	rover	True	False	1	{'R63_gut_2'}
2L	14678808	14678832	Stalker4	True	False	1	{'R12_head_98'}
2L	14675648	14675669	baggins	True	False	1	{'R44_head_173'}
2L	14672733	14672738	rover	True	False	1	{'R9_gut_2'}
2L	14654806	14654811	rover	True	False	1	{'R57_gut_7'}
2L	14599249	14599254	rover	True	False	1	{'H7_gut_11'}
2L	14599246	14599252	rover	True	False	1	{'R25_gut_0'}
2L	14222144	14222149	copia	True	False	1	{'R33_gut_2'}
2L	14222041	14222046	copia	True	False	1	{'R51_gut_0'}
2L	13917257	13917306	F-element	True	False	1	{'R11_gut_19'}
2L	13887488	13887492	rover	True	False	2	{'R51_gut_1', 'R23_gut_1'}
2L	13807320	13807324	copia	True	False	1	{'R61_gut_13'}
2L	13760838	13760843	rover	True	False	1	{'R33_gut_5'}
2L	13615963	13615979	I-element	True	False	1	{'R23_gut_0'}
2L	13515977	13515982	rover	True	False	1	{'R25_gut_1'}
2L	13515970	13515976	rover	True	False	1	{'R51_gut_0'}
2L	13292717	13292740	3S18	True	False	1	{'H3_head_76'}
2L	13063863	13063869	copia	True	False	1	{'R33_gut_0'}
2L	13018633	13018678	R1A1-element	True	False	1	{'H9_head_11'}
2L	12508340	12508345	copia	True	False	1	{'R57_gut_4'}
2L	12505313	12505318	rover	True	False	1	{'H4_gut_3'}
2L	12455401	12455405	copia	True	False	1	{'R59_gut_1'}
2L	12010474	12010479	rover	True	False	1	{'R5_gut_0'}
2L	12010472	12010477	rover	True	False	1	{'R25_gut_1'}
2L	11937849	11937854	rover	True	False	1	{'R33_gut_5'}
2L	11816292	11816297	rover	True	False	1	{'R17_gut_1'}
2L	11687497	11687500	blood	True	False	1	{'R13_gut_2'}
2L	11084137	11084140	blood	True	False	1	{'R23_gut_0'}
2L	10894648	10894652	rover	True	False	1	{'R57_gut_11'}
2L	10578557	10578589	Idefix	True	False	1	{'R44_head_154'}
2L	10572766	10572771	rover	True	False	1	{'R33_gut_3'}
2L	10553973	10553979	rover	True	False	1	{'R3_gut_2'}
2L	10553934	10553939	rover	True	False	1	{'H4_gut_1'}
2L	10168608	10168614	rover	True	False	1	{'H7_gut_1'}
2L	9718639	9718644	rover	True	False	1	{'R43_gut_0'}
2L	9683873	9683878	rover	True	False	1	{'H4_gut_2'}
2L	9226571	9226575	rover	True	False	1	{'R57_gut_2'}
2L	8990182	8990188	I-element	True	False	1	{'R23_gut_5'}
2L	8966140	8966148	1731	True	False	1	{'R39_gut_4'}
2L	8694050	8694055	rover	True	False	1	{'H4_gut_7'}
2L	8681476	8681493	McClintock	True	False	1	{'R54_head_61'}
2L	8622804	8622809	rover	True	False	1	{'R25_gut_1'}
2L	8324708	8324712	rover	True	False	2	{'R45_gut_0', 'R5_gut_0'}
2L	8039994	8040005	rover	True	False	1	{'R9_gut_1'}
2L	7905936	7905941	rover	True	False	1	{'R13_gut_7'}
2L	7904466	7904473	rover	True	False	1	{'H4_gut_11'}
2L	7626596	7626600	rover	True	False	1	{'H4_gut_9'}
2L	7450728	7450732	rover	True	False	1	{'R43_gut_3'}
2L	7403463	7403470	copia	True	False	1	{'H4_gut_7'}
2L	7160980	7160984	copia	True	False	1	{'R13_gut_2'}
2L	7088363	7088368	rover	True	False	1	{'R33_gut_1'}
2L	7086302	7086307	rover	True	False	1	{'H7_gut_2'}
2L	6671081	6671084	rover	True	False	1	{'R55_gut_2'}
2L	6465304	6465308	rover	True	False	1	{'H4_gut_0'}
2L	6080246	6080250	rover	True	False	1	{'R59_gut_1'}
2L	5894097	5894102	rover	True	False	1	{'R9_gut_6'}
2L	5601856	5601859	rover	True	False	1	{'R9_gut_5'}
2L	5289537	5289542	copia	True	False	1	{'R29_gut_3'}
2L	5023537	5023543	rover	True	False	1	{'R9_gut_2'}
2L	5018775	5018780	rover	True	False	1	{'R37_gut_0'}
2L	4152413	4152418	rover	True	False	1	{'R27_gut_0'}
2L	4131996	4132001	rover	True	False	1	{'R23_gut_0'}
2L	3308624	3308640	flea	True	False	1	{'R20_head_16'}
2L	2933335	2933339	rover	True	False	1	{'H4_gut_0'}
2L	2423029	2423032	Tirant	True	False	1	{'R4_head_34'}
2L	2301196	2301200	rover	True	False	1	{'H1_gut_1'}
2L	1839410	1839419	FB	True	False	1	{'R25_gut_4'}
2L	1691262	1691266	rover	True	False	1	{'R27_gut_3'}
2L	1664992	1664997	rover	True	False	1	{'R33_gut_7'}
2L	1447787	1447795	I-element	True	False	1	{'R57_gut_5'}
2L	1446792	1446799	rover	True	False	1	{'H7_gut_13'}
2L	1140710	1140711	rover	True	False	1	{'H7_gut_11'}
2L	1053755	1053758	rover	True	False	1	{'R33_gut_0'}
2L	482108	482112	rover	True	False	1	{'H4_gut_1'}
2L	223133	223138	rover	True	False	1	{'R29_gut_0'}
